year,uf,code_uf,code_muni,nome_muni,pop_2021
2021,MA,21,55,Açailândia,113783
2021,MA,21,105,Afonso Cunha,6631
2021,MA,21,154,Água Doce do Maranhão,12731
2021,MA,21,204,Alcântara,22126
2021,MA,21,303,Aldeias Altas,26979
2021,MA,21,402,Altamira do Maranhão,8250
2021,MA,21,436,Alto Alegre do Maranhão,28066
2021,MA,21,477,Alto Alegre do Pindaré,31967
2021,MA,21,501,Alto Parnaíba,11233
2021,MA,21,550,Amapá do Maranhão,7047
2021,MA,21,600,Amarante do Maranhão,42017
2021,MA,21,709,Anajatuba,27170
2021,MA,21,808,Anapurus,16054
2021,MA,21,832,Apicum-Açu,17582
2021,MA,21,873,Araguanã,15675
2021,MA,21,907,Araioses,47095
2021,MA,21,956,Arame,32825
2021,MA,21,1004,Arari,30014
2021,MA,21,1103,Axixá,12234
2021,MA,21,1202,Bacabal,105094
2021,MA,21,1251,Bacabeira,17446
2021,MA,21,1301,Bacuri,18726
2021,MA,21,1350,Bacurituba,5696
2021,MA,21,1400,Balsas,96951
2021,MA,21,1509,Barão de Grajaú,19026
2021,MA,21,1608,Barra do Corda,88895
2021,MA,21,1707,Barreirinhas,63891
2021,MA,21,1731,Belágua,7586
2021,MA,21,1772,Bela Vista do Maranhão,11347
2021,MA,21,1806,Benedito Leite,5643
2021,MA,21,1905,Bequimão,21317
2021,MA,21,1939,Bernardo do Mearim,6102
2021,MA,21,1970,Boa Vista do Gurupi,8494
2021,MA,21,2002,Bom Jardim,42010
2021,MA,21,2036,Bom Jesus das Selvas,35095
2021,MA,21,2077,Bom Lugar,16578
2021,MA,21,2101,Brejo,36900
2021,MA,21,2150,Brejo de Areia,8841
2021,MA,21,2200,Buriti,28916
2021,MA,21,2309,Buriti Bravo,23993
2021,MA,21,2325,Buriticupu,73595
2021,MA,21,2358,Buritirana,15503
2021,MA,21,2374,Cachoeira Grande,9524
2021,MA,21,2408,Cajapió,11255
2021,MA,21,2507,Cajari,19521
2021,MA,21,2556,Campestre do Maranhão,14530
2021,MA,21,2606,Cândido Mendes,20376
2021,MA,21,2705,Cantanhede,22236
2021,MA,21,2754,Capinzal do Norte,10937
2021,MA,21,2804,Carolina,24151
2021,MA,21,2903,Carutapera,24095
2021,MA,21,3000,Caxias,166159
2021,MA,21,3109,Cedral,10711
2021,MA,21,3125,Central do Maranhão,8806
2021,MA,21,3158,Centro do Guilherme,13876
2021,MA,21,3174,Centro Novo do Maranhão,22056
2021,MA,21,3208,Chapadinha,80705
2021,MA,21,3257,Cidelândia,14855
2021,MA,21,3307,Codó,123368
2021,MA,21,3406,Coelho Neto,49804
2021,MA,21,3505,Colinas,41443
2021,MA,21,3554,Conceição do Lago-Açu,16559
2021,MA,21,3604,Coroatá,65788
2021,MA,21,3703,Cururupu,32559
2021,MA,21,3752,Davinópolis,12923
2021,MA,21,3802,Dom Pedro,23393
2021,MA,21,3901,Duque Bacelar,11451
2021,MA,21,4008,Esperantinópolis,16971
2021,MA,21,4057,Estreito,43097
2021,MA,21,4073,Feira Nova do Maranhão,8506
2021,MA,21,4081,Fernando Falcão,10559
2021,MA,21,4099,Formosa da Serra Negra,19425
2021,MA,21,4107,Fortaleza dos Nogueiras,12662
2021,MA,21,4206,Fortuna,17812
2021,MA,21,4305,Godofredo Viana,12104
2021,MA,21,4404,Gonçalves Dias,17953
2021,MA,21,4503,Governador Archer,10931
2021,MA,21,4552,Governador Edison Lobão,18740
2021,MA,21,4602,Governador Eugênio Barros,14703
2021,MA,21,4628,Governador Luiz Rocha,7878
2021,MA,21,4651,Governador Newton Bello,10121
2021,MA,21,4677,Governador Nunes Freire,25502
2021,MA,21,4701,Graça Aranha,6261
2021,MA,21,4800,Grajaú,70692
2021,MA,21,4909,Guimarães,11966
2021,MA,21,5005,Humberto de Campos,29143
2021,MA,21,5104,Icatu,27423
2021,MA,21,5153,Igarapé do Meio,14470
2021,MA,21,5203,Igarapé Grande,11453
2021,MA,21,5302,Imperatriz,259980
2021,MA,21,5351,Itaipava do Grajaú,16158
2021,MA,21,5401,Itapecuru Mirim,69233
2021,MA,21,5427,Itinga do Maranhão,26134
2021,MA,21,5450,Jatobá,10464
2021,MA,21,5476,Jenipapo dos Vieiras,17123
2021,MA,21,5500,João Lisboa,23677
2021,MA,21,5609,Joselândia,16228
2021,MA,21,5658,Junco do Maranhão,4334
2021,MA,21,5708,Lago da Pedra,50959
2021,MA,21,5807,Lago do Junco,10900
2021,MA,21,5906,Lago Verde,16369
2021,MA,21,5922,Lagoa do Mato,11280
2021,MA,21,5948,Lago dos Rodrigues,8841
2021,MA,21,5963,Lagoa Grande do Maranhão,11534
2021,MA,21,5989,Lajeado Novo,7653
2021,MA,21,6003,Lima Campos,11943
2021,MA,21,6102,Loreto,12271
2021,MA,21,6201,Luís Domingues,7016
2021,MA,21,6300,Magalhães de Almeida,20228
2021,MA,21,6326,Maracaçumé,21773
2021,MA,21,6359,Marajá do Sena,7757
2021,MA,21,6375,Maranhãozinho,16754
2021,MA,21,6409,Mata Roma,17122
2021,MA,21,6508,Matinha,23591
2021,MA,21,6607,Matões,34099
2021,MA,21,6631,Matões do Norte,17316
2021,MA,21,6672,Milagres do Maranhão,8502
2021,MA,21,6706,Mirador,21045
2021,MA,21,6755,Miranda do Norte,29121
2021,MA,21,6805,Mirinzal,15059
2021,MA,21,6904,Monção,33888
2021,MA,21,7001,Montes Altos,9064
2021,MA,21,7100,Morros,19708
2021,MA,21,7209,Nina Rodrigues,14826
2021,MA,21,7258,Nova Colinas,5469
2021,MA,21,7308,Nova Iorque,4682
2021,MA,21,7357,Nova Olinda do Maranhão,21228
2021,MA,21,7407,Olho d'Água das Cunhãs,19616
2021,MA,21,7456,Olinda Nova do Maranhão,14968
2021,MA,21,7506,Paço do Lumiar,125265
2021,MA,21,7605,Palmeirândia,19840
2021,MA,21,7704,Paraibano,21571
2021,MA,21,7803,Parnarama,35108
2021,MA,21,7902,Passagem Franca,19253
2021,MA,21,8009,Pastos Bons,19693
2021,MA,21,8058,Paulino Neves,16295
2021,MA,21,8108,Paulo Ramos,21092
2021,MA,21,8207,Pedreiras,39153
2021,MA,21,8256,Pedro do Rosário,25560
2021,MA,21,8306,Penalva,38987
2021,MA,21,8405,Peri Mirim,14371
2021,MA,21,8454,Peritoró,23530
2021,MA,21,8504,Pindaré-Mirim,33186
2021,MA,21,8603,Pinheiro,84160
2021,MA,21,8702,Pio XII,21274
2021,MA,21,8801,Pirapemas,18814
2021,MA,21,8900,Poção de Pedras,17321
2021,MA,21,9007,Porto Franco,24294
2021,MA,21,9056,Porto Rico do Maranhão,5936
2021,MA,21,9106,Presidente Dutra,48264
2021,MA,21,9205,Presidente Juscelino,12939
2021,MA,21,9239,Presidente Médici,7124
2021,MA,21,9270,Presidente Sarney,19217
2021,MA,21,9304,Presidente Vargas,11328
2021,MA,21,9403,Primeira Cruz,15545
2021,MA,21,9452,Raposa,31586
2021,MA,21,9502,Riachão,20288
2021,MA,21,9551,Ribamar Fiquene,7859
2021,MA,21,9601,Rosário,43243
2021,MA,21,9700,Sambaíba,5686
2021,MA,21,9759,Santa Filomena do Maranhão,7878
2021,MA,21,9809,Santa Helena,42829
2021,MA,21,9908,Santa Inês,89927
2021,MA,21,10005,Santa Luzia,73105
2021,MA,21,10039,Santa Luzia do Paruá,25487
2021,MA,21,10104,Santa Quitéria do Maranhão,25884
2021,MA,21,10203,Santa Rita,38732
2021,MA,21,10237,Santana do Maranhão,13704
2021,MA,21,10278,Santo Amaro do Maranhão,16219
2021,MA,21,10302,Santo Antônio dos Lopes,14516
2021,MA,21,10401,São Benedito do Rio Preto,18769
2021,MA,21,10500,São Bento,45989
2021,MA,21,10609,São Bernardo,28825
2021,MA,21,10658,São Domingos do Azeitão,7448
2021,MA,21,10708,São Domingos do Maranhão,34391
2021,MA,21,10807,São Félix de Balsas,4540
2021,MA,21,10856,São Francisco do Brejão,12082
2021,MA,21,10906,São Francisco do Maranhão,12226
2021,MA,21,11003,São João Batista,20736
2021,MA,21,11029,São João do Carú,15768
2021,MA,21,11052,São João do Paraíso,11207
2021,MA,21,11078,São João do Soter,18746
2021,MA,21,11102,São João dos Patos,26063
2021,MA,21,11201,São José de Ribamar,180345
2021,MA,21,11250,São José dos Basílios,7639
2021,MA,21,11300,São Luís,1115932
2021,MA,21,11409,São Luís Gonzaga do Maranhão,18600
2021,MA,21,11508,São Mateus do Maranhão,41750
2021,MA,21,11532,São Pedro da Água Branca,12779
2021,MA,21,11573,São Pedro dos Crentes,4700
2021,MA,21,11607,São Raimundo das Mangabeiras,19090
2021,MA,21,11631,São Raimundo do Doca Bezerra,5028
2021,MA,21,11672,São Roberto,6856
2021,MA,21,11706,São Vicente Ferrer,22452
2021,MA,21,11722,Satubinha,14274
2021,MA,21,11748,Senador Alexandre Costa,11285
2021,MA,21,11763,Senador La Rocque,13981
2021,MA,21,11789,Serrano do Maranhão,10343
2021,MA,21,11805,Sítio Novo,18237
2021,MA,21,11904,Sucupira do Norte,10631
2021,MA,21,11953,Sucupira do Riachão,5692
2021,MA,21,12001,Tasso Fragoso,8642
2021,MA,21,12100,Timbiras,29241
2021,MA,21,12209,Timon,171317
2021,MA,21,12233,Trizidela do Vale,22223
2021,MA,21,12274,Tufilândia,5868
2021,MA,21,12308,Tuntum,42242
2021,MA,21,12407,Turiaçu,35811
2021,MA,21,12456,Turilândia,26112
2021,MA,21,12506,Tutóia,59927
2021,MA,21,12605,Urbano Santos,33791
2021,MA,21,12704,Vargem Grande,57813
2021,MA,21,12803,Viana,52852
2021,MA,21,12852,Vila Nova dos Martírios,13800
2021,MA,21,12902,Vitória do Mearim,32956
2021,MA,21,13009,Vitorino Freire,31520
2021,MA,21,14007,Zé Doca,52190
2021,PI,22,53,Acauã,7119
2021,PI,22,103,Agricolândia,5123
2021,PI,22,202,Água Branca,17525
2021,PI,22,251,Alagoinha do Piauí,7678
2021,PI,22,277,Alegrete do Piauí,4921
2021,PI,22,301,Alto Longá,14371
2021,PI,22,400,Altos,40681
2021,PI,22,459,Alvorada do Gurguéia,5469
2021,PI,22,509,Amarante,17609
2021,PI,22,608,Angical do Piauí,6779
2021,PI,22,707,Anísio de Abreu,9994
2021,PI,22,806,Antônio Almeida,3175
2021,PI,22,905,Aroazes,5819
2021,PI,22,954,Aroeiras do Itaim,2551
2021,PI,22,1002,Arraial,4713
2021,PI,22,1051,Assunção do Piauí,7879
2021,PI,22,1101,Avelino Lopes,11361
2021,PI,22,1150,Baixa Grande do Ribeiro,11751
2021,PI,22,1176,Barra D'Alcântara,3953
2021,PI,22,1200,Barras,47298
2021,PI,22,1309,Barreiras do Piauí,3356
2021,PI,22,1408,Barro Duro,7022
2021,PI,22,1507,Batalha,26951
2021,PI,22,1556,Bela Vista do Piauí,4044
2021,PI,22,1572,Belém do Piauí,3607
2021,PI,22,1606,Beneditinos,10479
2021,PI,22,1705,Bertolínia,5512
2021,PI,22,1739,Betânia do Piauí,6214
2021,PI,22,1770,Boa Hora,6848
2021,PI,22,1804,Bocaina,4509
2021,PI,22,1903,Bom Jesus,25584
2021,PI,22,1919,Bom Princípio do Piauí,5670
2021,PI,22,1929,Bonfim do Piauí,5700
2021,PI,22,1945,Boqueirão do Piauí,6443
2021,PI,22,1960,Brasileira,8364
2021,PI,22,1988,Brejo do Piauí,3824
2021,PI,22,2000,Buriti dos Lopes,19832
2021,PI,22,2026,Buriti dos Montes,8282
2021,PI,22,2059,Cabeceiras do Piauí,10671
2021,PI,22,2075,Cajazeiras do Piauí,3586
2021,PI,22,2083,Cajueiro da Praia,7704
2021,PI,22,2091,Caldeirão Grande do Piauí,5786
2021,PI,22,2109,Campinas do Piauí,5628
2021,PI,22,2117,Campo Alegre do Fidalgo,5093
2021,PI,22,2133,Campo Grande do Piauí,5987
2021,PI,22,2174,Campo Largo do Piauí,7342
2021,PI,22,2208,Campo Maior,46950
2021,PI,22,2251,Canavieira,3938
2021,PI,22,2307,Canto do Buriti,21326
2021,PI,22,2406,Capitão de Campos,11471
2021,PI,22,2455,Capitão Gervásio Oliveira,4127
2021,PI,22,2505,Caracol,11009
2021,PI,22,2539,Caraúbas do Piauí,5910
2021,PI,22,2554,Caridade do Piauí,5102
2021,PI,22,2604,Castelo do Piauí,19716
2021,PI,22,2653,Caxingó,5477
2021,PI,22,2703,Cocal,27901
2021,PI,22,2711,Cocal de Telha,4908
2021,PI,22,2729,Cocal dos Alves,6180
2021,PI,22,2737,Coivaras,4044
2021,PI,22,2752,Colônia do Gurguéia,6545
2021,PI,22,2778,Colônia do Piauí,7665
2021,PI,22,2802,Conceição do Canindé,4811
2021,PI,22,2851,Coronel José Dias,4688
2021,PI,22,2901,Corrente,26771
2021,PI,22,3008,Cristalândia do Piauí,8350
2021,PI,22,3107,Cristino Castro,10464
2021,PI,22,3206,Curimatá,11461
2021,PI,22,3230,Currais,4982
2021,PI,22,3255,Curralinhos,4475
2021,PI,22,3271,Curral Novo do Piauí,5390
2021,PI,22,3305,Demerval Lobão,13862
2021,PI,22,3354,Dirceu Arcoverde,7046
2021,PI,22,3404,Dom Expedito Lopes,6940
2021,PI,22,3420,Domingos Mourão,4352
2021,PI,22,3453,Dom Inocêncio,9574
2021,PI,22,3503,Elesbão Veloso,14550
2021,PI,22,3602,Eliseu Martins,4943
2021,PI,22,3701,Esperantina,39953
2021,PI,22,3750,Fartura do Piauí,5330
2021,PI,22,3800,Flores do Piauí,4461
2021,PI,22,3859,Floresta do Piauí,2561
2021,PI,22,3909,Floriano,60111
2021,PI,22,4006,Francinópolis,5345
2021,PI,22,4105,Francisco Ayres,4300
2021,PI,22,4154,Francisco Macedo,3216
2021,PI,22,4204,Francisco Santos,9423
2021,PI,22,4303,Fronteiras,11690
2021,PI,22,4352,Geminiano,5477
2021,PI,22,4402,Gilbués,10698
2021,PI,22,4501,Guadalupe,10496
2021,PI,22,4550,Guaribas,4573
2021,PI,22,4600,Hugo Napoleão,3880
2021,PI,22,4659,Ilha Grande,9487
2021,PI,22,4709,Inhuma,15330
2021,PI,22,4808,Ipiranga do Piauí,9863
2021,PI,22,4907,Isaías Coelho,8582
2021,PI,22,5003,Itainópolis,11571
2021,PI,22,5102,Itaueira,11037
2021,PI,22,5151,Jacobina do Piauí,5718
2021,PI,22,5201,Jaicós,19233
2021,PI,22,5250,Jardim do Mulato,4522
2021,PI,22,5276,Jatobá do Piauí,4885
2021,PI,22,5300,Jerumenha,4443
2021,PI,22,5359,João Costa,3003
2021,PI,22,5409,Joaquim Pires,14396
2021,PI,22,5458,Joca Marques,5488
2021,PI,22,5508,José de Freitas,39457
2021,PI,22,5516,Juazeiro do Piauí,5491
2021,PI,22,5524,Júlio Borges,5653
2021,PI,22,5532,Jurema,4790
2021,PI,22,5540,Lagoinha do Piauí,2870
2021,PI,22,5557,Lagoa Alegre,8610
2021,PI,22,5565,Lagoa do Barro do Piauí,4658
2021,PI,22,5573,Lagoa de São Francisco,6795
2021,PI,22,5581,Lagoa do Piauí,4086
2021,PI,22,5599,Lagoa do Sítio,5219
2021,PI,22,5607,Landri Sales,5272
2021,PI,22,5706,Luís Correia,30558
2021,PI,22,5805,Luzilândia,25521
2021,PI,22,5854,Madeiro,8372
2021,PI,22,5904,Manoel Emídio,5352
2021,PI,22,5953,Marcolândia,8590
2021,PI,22,6001,Marcos Parente,4546
2021,PI,22,6050,Massapê do Piauí,6456
2021,PI,22,6100,Matias Olímpio,10979
2021,PI,22,6209,Miguel Alves,33901
2021,PI,22,6308,Miguel Leão,1239
2021,PI,22,6357,Milton Brandão,6603
2021,PI,22,6407,Monsenhor Gil,10563
2021,PI,22,6506,Monsenhor Hipólito,7785
2021,PI,22,6605,Monte Alegre do Piauí,10618
2021,PI,22,6654,Morro Cabeça no Tempo,4527
2021,PI,22,6670,Morro do Chapéu do Piauí,6825
2021,PI,22,6696,Murici dos Portelas,9258
2021,PI,22,6704,Nazaré do Piauí,7307
2021,PI,22,6720,Nazária,8632
2021,PI,22,6753,Nossa Senhora de Nazaré,4911
2021,PI,22,6803,Nossa Senhora dos Remédios,8751
2021,PI,22,6902,Novo Oriente do Piauí,6548
2021,PI,22,6951,Novo Santo Antônio,3014
2021,PI,22,7009,Oeiras,37138
2021,PI,22,7108,Olho D'Água do Piauí,2477
2021,PI,22,7207,Padre Marcos,6879
2021,PI,22,7306,Paes Landim,4124
2021,PI,22,7355,Pajeú do Piauí,3416
2021,PI,22,7405,Palmeira do Piauí,5029
2021,PI,22,7504,Palmeirais,14633
2021,PI,22,7553,Paquetá,3931
2021,PI,22,7603,Parnaguá,10846
2021,PI,22,7702,Parnaíba,153863
2021,PI,22,7751,Passagem Franca do Piauí,4331
2021,PI,22,7777,Patos do Piauí,6420
2021,PI,22,7793,Pau D'Arco do Piauí,4084
2021,PI,22,7801,Paulistana,20583
2021,PI,22,7850,Pavussu,3662
2021,PI,22,7900,Pedro II,38812
2021,PI,22,7934,Pedro Laurentino,2551
2021,PI,22,7959,Nova Santa Rita,4392
2021,PI,22,8007,Picos,78627
2021,PI,22,8106,Pimenteiras,12150
2021,PI,22,8205,Pio IX,18492
2021,PI,22,8304,Piracuruca,28952
2021,PI,22,8403,Piripiri,63829
2021,PI,22,8502,Porto,12646
2021,PI,22,8551,Porto Alegre do Piauí,2728
2021,PI,22,8601,Prata do Piauí,3149
2021,PI,22,8650,Queimada Nova,9041
2021,PI,22,8700,Redenção do Gurguéia,8814
2021,PI,22,8809,Regeneração,17979
2021,PI,22,8858,Riacho Frio,4306
2021,PI,22,8874,Ribeira do Piauí,4499
2021,PI,22,8908,Ribeiro Gonçalves,7408
2021,PI,22,9005,Rio Grande do Piauí,6434
2021,PI,22,9104,Santa Cruz do Piauí,6254
2021,PI,22,9153,Santa Cruz dos Milagres,4046
2021,PI,22,9203,Santa Filomena,6256
2021,PI,22,9302,Santa Luz,5903
2021,PI,22,9351,Santana do Piauí,4650
2021,PI,22,9377,Santa Rosa do Piauí,5254
2021,PI,22,9401,Santo Antônio de Lisboa,6466
2021,PI,22,9450,Santo Antônio dos Milagres,2172
2021,PI,22,9500,Santo Inácio do Piauí,3809
2021,PI,22,9559,São Braz do Piauí,4454
2021,PI,22,9609,São Félix do Piauí,2923
2021,PI,22,9658,São Francisco de Assis do Piauí,5801
2021,PI,22,9708,São Francisco do Piauí,6417
2021,PI,22,9757,São Gonçalo do Gurguéia,3071
2021,PI,22,9807,São Gonçalo do Piauí,5044
2021,PI,22,9856,São João da Canabrava,4619
2021,PI,22,9872,São João da Fronteira,6084
2021,PI,22,9906,São João da Serra,6106
2021,PI,22,9955,São João da Varjota,4856
2021,PI,22,9971,São João do Arraial,8085
2021,PI,22,10003,São João do Piauí,20720
2021,PI,22,10052,São José do Divino,5361
2021,PI,22,10102,São José do Peixe,3737
2021,PI,22,10201,São José do Piauí,6696
2021,PI,22,10300,São Julião,6379
2021,PI,22,10359,São Lourenço do Piauí,4581
2021,PI,22,10375,São Luis do Piauí,2648
2021,PI,22,10383,São Miguel da Baixa Grande,2456
2021,PI,22,10391,São Miguel do Fidalgo,3037
2021,PI,22,10409,São Miguel do Tapuio,17617
2021,PI,22,10508,São Pedro do Piauí,14356
2021,PI,22,10607,São Raimundo Nonato,35035
2021,PI,22,10623,Sebastião Barros,3434
2021,PI,22,10631,Sebastião Leal,4311
2021,PI,22,10656,Sigefredo Pacheco,10074
2021,PI,22,10706,Simões,14664
2021,PI,22,10805,Simplício Mendes,12778
2021,PI,22,10904,Socorro do Piauí,4557
2021,PI,22,10938,Sussuapara,6801
2021,PI,22,10953,Tamboril do Piauí,2939
2021,PI,22,10979,Tanque do Piauí,2781
2021,PI,22,11001,Teresina,871126
2021,PI,22,11100,União,44649
2021,PI,22,11209,Uruçuí,21746
2021,PI,22,11308,Valença do Piauí,20940
2021,PI,22,11357,Várzea Branca,4930
2021,PI,22,11407,Várzea Grande,4382
2021,PI,22,11506,Vera Mendes,3082
2021,PI,22,11605,Vila Nova do Piauí,2935
2021,PI,22,11704,Wall Ferraz,4479
2021,CE,23,101,Abaiara,11965
2021,CE,23,150,Acarape,15140
2021,CE,23,200,Acaraú,63556
2021,CE,23,309,Acopiara,54687
2021,CE,23,408,Aiuaba,17584
2021,CE,23,507,Alcântaras,11846
2021,CE,23,606,Altaneira,7712
2021,CE,23,705,Alto Santo,16077
2021,CE,23,754,Amontada,44195
2021,CE,23,804,Antonina do Norte,7402
2021,CE,23,903,Apuiarés,14742
2021,CE,23,1000,Aquiraz,81581
2021,CE,23,1109,Aracati,75392
2021,CE,23,1208,Aracoiaba,26600
2021,CE,23,1257,Ararendá,10983
2021,CE,23,1307,Araripe,21707
2021,CE,23,1406,Aratuba,11759
2021,CE,23,1505,Arneiroz,7848
2021,CE,23,1604,Assaré,23537
2021,CE,23,1703,Aurora,24567
2021,CE,23,1802,Baixio,6318
2021,CE,23,1851,Banabuiú,18313
2021,CE,23,1901,Barbalha,61662
2021,CE,23,1950,Barreira,22715
2021,CE,23,2008,Barro,22834
2021,CE,23,2057,Barroquinha,15069
2021,CE,23,2107,Baturité,36127
2021,CE,23,2206,Beberibe,54315
2021,CE,23,2305,Bela Cruz,32851
2021,CE,23,2404,Boa Viagem,54680
2021,CE,23,2503,Brejo Santo,50195
2021,CE,23,2602,Camocim,64147
2021,CE,23,2701,Campos Sales,27513
2021,CE,23,2800,Canindé,77484
2021,CE,23,2909,Capistrano,17830
2021,CE,23,3006,Caridade,23011
2021,CE,23,3105,Cariré,18470
2021,CE,23,3204,Caririaçu,27008
2021,CE,23,3303,Cariús,18700
2021,CE,23,3402,Carnaubal,17763
2021,CE,23,3501,Cascavel,72706
2021,CE,23,3600,Catarina,21041
2021,CE,23,3659,Catunda,10410
2021,CE,23,3709,Caucaia,368918
2021,CE,23,3808,Cedro,25612
2021,CE,23,3907,Chaval,13112
2021,CE,23,3931,Choró,13608
2021,CE,23,3956,Chorozinho,20286
2021,CE,23,4004,Coreaú,23340
2021,CE,23,4103,Crateús,75241
2021,CE,23,4202,Crato,133913
2021,CE,23,4236,Croatá,18201
2021,CE,23,4251,Cruz,25121
2021,CE,23,4269,Deputado Irapuan Pinheiro,9698
2021,CE,23,4277,Ereré,7254
2021,CE,23,4285,Eusébio,55035
2021,CE,23,4301,Farias Brito,19330
2021,CE,23,4350,Forquilha,24680
2021,CE,23,4400,Fortaleza,2703391
2021,CE,23,4459,Fortim,16776
2021,CE,23,4509,Frecheirinha,14195
2021,CE,23,4608,General Sampaio,7767
2021,CE,23,4657,Graça,14415
2021,CE,23,4707,Granja,55170
2021,CE,23,4806,Granjeiro,4784
2021,CE,23,4905,Groaíras,11219
2021,CE,23,4954,Guaiúba,26508
2021,CE,23,5001,Guaraciaba do Norte,40921
2021,CE,23,5100,Guaramiranga,5073
2021,CE,23,5209,Hidrolândia,20126
2021,CE,23,5233,Horizonte,69688
2021,CE,23,5266,Ibaretama,13385
2021,CE,23,5308,Ibiapina,25165
2021,CE,23,5332,Ibicuitinga,12730
2021,CE,23,5357,Icapuí,20183
2021,CE,23,5407,Icó,68303
2021,CE,23,5506,Iguatu,103633
2021,CE,23,5605,Independência,26196
2021,CE,23,5654,Ipaporanga,11597
2021,CE,23,5704,Ipaumirim,12507
2021,CE,23,5803,Ipu,42148
2021,CE,23,5902,Ipueiras,38064
2021,CE,23,6009,Iracema,14351
2021,CE,23,6108,Irauçuba,24450
2021,CE,23,6207,Itaiçaba,7904
2021,CE,23,6256,Itaitinga,38661
2021,CE,23,6306,Itapajé,53448
2021,CE,23,6405,Itapipoca,131687
2021,CE,23,6504,Itapiúna,20653
2021,CE,23,6553,Itarema,42595
2021,CE,23,6603,Itatira,22018
2021,CE,23,6702,Jaguaretama,18133
2021,CE,23,6801,Jaguaribara,11580
2021,CE,23,6900,Jaguaribe,34592
2021,CE,23,7007,Jaguaruana,33960
2021,CE,23,7106,Jardim,27187
2021,CE,23,7205,Jati,8150
2021,CE,23,7254,Jijoca de Jericoacoara,20351
2021,CE,23,7304,Juazeiro do Norte,278264
2021,CE,23,7403,Jucás,24949
2021,CE,23,7502,Lavras da Mangabeira,31476
2021,CE,23,7601,Limoeiro do Norte,60232
2021,CE,23,7635,Madalena,20031
2021,CE,23,7650,Maracanaú,230986
2021,CE,23,7700,Maranguape,131677
2021,CE,23,7809,Marco,27822
2021,CE,23,7908,Martinópole,11407
2021,CE,23,8005,Massapê,39341
2021,CE,23,8104,Mauriti,48370
2021,CE,23,8203,Meruoca,15309
2021,CE,23,8302,Milagres,27413
2021,CE,23,8351,Milhã,13129
2021,CE,23,8377,Miraíma,13965
2021,CE,23,8401,Missão Velha,35566
2021,CE,23,8500,Mombaça,43917
2021,CE,23,8609,Monsenhor Tabosa,17264
2021,CE,23,8708,Morada Nova,61590
2021,CE,23,8807,Moraújo,8833
2021,CE,23,8906,Morrinhos,22830
2021,CE,23,9003,Mucambo,14561
2021,CE,23,9102,Mulungu,11056
2021,CE,23,9201,Nova Olinda,15798
2021,CE,23,9300,Nova Russas,32487
2021,CE,23,9409,Novo Oriente,28737
2021,CE,23,9458,Ocara,25958
2021,CE,23,9508,Orós,21342
2021,CE,23,9607,Pacajus,74145
2021,CE,23,9706,Pacatuba,85647
2021,CE,23,9805,Pacoti,12313
2021,CE,23,9904,Pacujá,6565
2021,CE,23,10001,Palhano,9458
2021,CE,23,10100,Palmácia,13553
2021,CE,23,10209,Paracuru,35526
2021,CE,23,10258,Paraipaba,33232
2021,CE,23,10308,Parambu,31391
2021,CE,23,10407,Paramoti,12276
2021,CE,23,10506,Pedra Branca,43359
2021,CE,23,10605,Penaforte,9207
2021,CE,23,10704,Pentecoste,38045
2021,CE,23,10803,Pereiro,16356
2021,CE,23,10852,Pindoretama,20964
2021,CE,23,10902,Piquet Carneiro,17210
2021,CE,23,10951,Pires Ferreira,11052
2021,CE,23,11009,Poranga,12358
2021,CE,23,11108,Porteiras,14920
2021,CE,23,11207,Potengi,11165
2021,CE,23,11231,Potiretama,6455
2021,CE,23,11264,Quiterianópolis,21246
2021,CE,23,11306,Quixadá,88899
2021,CE,23,11355,Quixelô,16116
2021,CE,23,11405,Quixeramobim,82455
2021,CE,23,11504,Quixeré,22432
2021,CE,23,11603,Redenção,29238
2021,CE,23,11702,Reriutaba,18279
2021,CE,23,11801,Russas,79550
2021,CE,23,11900,Saboeiro,15757
2021,CE,23,11959,Salitre,16714
2021,CE,23,12007,Santana do Acaraú,32851
2021,CE,23,12106,Santana do Cariri,17726
2021,CE,23,12205,Santa Quitéria,43719
2021,CE,23,12304,São Benedito,48354
2021,CE,23,12403,São Gonçalo do Amarante,49306
2021,CE,23,12502,São João do Jaguaribe,7557
2021,CE,23,12601,São Luís do Curu,13086
2021,CE,23,12700,Senador Pompeu,25418
2021,CE,23,12809,Senador Sá,7758
2021,CE,23,12908,Sobral,212437
2021,CE,23,13005,Solonópole,18389
2021,CE,23,13104,Tabuleiro do Norte,32079
2021,CE,23,13203,Tamboril,26199
2021,CE,23,13252,Tarrafas,8555
2021,CE,23,13302,Tauá,59259
2021,CE,23,13351,Tejuçuoca,19551
2021,CE,23,13401,Tianguá,77111
2021,CE,23,13500,Trairi,56653
2021,CE,23,13559,Tururu,16588
2021,CE,23,13609,Ubajara,35295
2021,CE,23,13708,Umari,7740
2021,CE,23,13757,Umirim,19976
2021,CE,23,13807,Uruburetama,22223
2021,CE,23,13906,Uruoca,13988
2021,CE,23,13955,Varjota,18520
2021,CE,23,14003,Várzea Alegre,41078
2021,CE,23,14102,Viçosa do Ceará,61916
2021,RN,24,109,Acari,11106
2021,RN,24,208,Açu,58743
2021,RN,24,307,Afonso Bezerra,11024
2021,RN,24,406,Água Nova,3293
2021,RN,24,505,Alexandria,13529
2021,RN,24,604,Almino Afonso,4685
2021,RN,24,703,Alto do Rodrigues,14923
2021,RN,24,802,Angicos,11695
2021,RN,24,901,Antônio Martins,7162
2021,RN,24,1008,Apodi,35904
2021,RN,24,1107,Areia Branca,28156
2021,RN,24,1206,Arês,14526
2021,RN,24,1305,Campo Grande,9686
2021,RN,24,1404,Baía Formosa,9373
2021,RN,24,1453,Baraúna,29112
2021,RN,24,1503,Barcelona,3989
2021,RN,24,1602,Bento Fernandes,5552
2021,RN,24,1651,Bodó,2171
2021,RN,24,1701,Bom Jesus,10323
2021,RN,24,1800,Brejinho,12873
2021,RN,24,1859,Caiçara do Norte,6572
2021,RN,24,1909,Caiçara do Rio do Vento,3745
2021,RN,24,2006,Caicó,68726
2021,RN,24,2105,Campo Redondo,11363
2021,RN,24,2204,Canguaretama,34814
2021,RN,24,2303,Caraúbas,20588
2021,RN,24,2402,Carnaúba dos Dantas,8297
2021,RN,24,2501,Carnaubais,10972
2021,RN,24,2600,Ceará-Mirim,74268
2021,RN,24,2709,Cerro Corá,11182
2021,RN,24,2808,Coronel Ezequiel,5501
2021,RN,24,2907,Coronel João Pessoa,4918
2021,RN,24,3004,Cruzeta,7968
2021,RN,24,3103,Currais Novos,45022
2021,RN,24,3202,Doutor Severiano,7068
2021,RN,24,3251,Parnamirim,272490
2021,RN,24,3301,Encanto,5697
2021,RN,24,3400,Equador,6064
2021,RN,24,3509,Espírito Santo,10463
2021,RN,24,3608,Extremoz,29282
2021,RN,24,3707,Felipe Guerra,6009
2021,RN,24,3756,Fernando Pedroza,3081
2021,RN,24,3806,Florânia,9772
2021,RN,24,3905,Francisco Dantas,2801
2021,RN,24,4002,Frutuoso Gomes,4015
2021,RN,24,4101,Galinhos,2903
2021,RN,24,4200,Goianinha,27004
2021,RN,24,4309,Governador Dix-Sept Rosado,13115
2021,RN,24,4408,Grossos,10541
2021,RN,24,4507,Guamaré,16261
2021,RN,24,4606,Ielmo Marinho,14033
2021,RN,24,4705,Ipanguaçu,15759
2021,RN,24,4804,Ipueira,2264
2021,RN,24,4853,Itajá,7641
2021,RN,24,4903,Itaú,5916
2021,RN,24,5009,Jaçanã,9341
2021,RN,24,5108,Jandaíra,6907
2021,RN,24,5207,Janduís,5228
2021,RN,24,5306,Januário Cicco,10367
2021,RN,24,5405,Japi,4935
2021,RN,24,5504,Jardim de Angicos,2600
2021,RN,24,5603,Jardim de Piranhas,15044
2021,RN,24,5702,Jardim do Seridó,12397
2021,RN,24,5801,João Câmara,35360
2021,RN,24,5900,João Dias,2653
2021,RN,24,6007,José da Penha,5941
2021,RN,24,6106,Jucurutu,18335
2021,RN,24,6155,Jundiá,3945
2021,RN,24,6205,Lagoa d'Anta,6851
2021,RN,24,6304,Lagoa de Pedras,7624
2021,RN,24,6403,Lagoa de Velhos,2732
2021,RN,24,6502,Lagoa Nova,15880
2021,RN,24,6601,Lagoa Salgada,8348
2021,RN,24,6700,Lajes,11410
2021,RN,24,6809,Lajes Pintadas,4768
2021,RN,24,6908,Lucrécia,4053
2021,RN,24,7005,Luís Gomes,10175
2021,RN,24,7104,Macaíba,82828
2021,RN,24,7203,Macau,32260
2021,RN,24,7252,Major Sales,4102
2021,RN,24,7302,Marcelino Vieira,8325
2021,RN,24,7401,Martins,8790
2021,RN,24,7500,Maxaranguape,12714
2021,RN,24,7609,Messias Targino,4665
2021,RN,24,7708,Montanhas,11166
2021,RN,24,7807,Monte Alegre,22698
2021,RN,24,7906,Monte das Gameleiras,2063
2021,RN,24,8003,Mossoró,303792
2021,RN,24,8102,Natal,896708
2021,RN,24,8201,Nísia Floresta,28266
2021,RN,24,8300,Nova Cruz,37554
2021,RN,24,8409,Olho d'Água do Borges,4231
2021,RN,24,8508,Ouro Branco,4813
2021,RN,24,8607,Paraná,4298
2021,RN,24,8706,Paraú,3732
2021,RN,24,8805,Parazinho,5307
2021,RN,24,8904,Parelhas,21611
2021,RN,24,8953,Rio do Fogo,10961
2021,RN,24,9100,Passa e Fica,13667
2021,RN,24,9209,Passagem,3114
2021,RN,24,9308,Patu,12861
2021,RN,24,9332,Santa Maria,5689
2021,RN,24,9407,Pau dos Ferros,30802
2021,RN,24,9506,Pedra Grande,3163
2021,RN,24,9605,Pedra Preta,2419
2021,RN,24,9704,Pedro Avelino,6591
2021,RN,24,9803,Pedro Velho,14881
2021,RN,24,9902,Pendências,15411
2021,RN,24,10009,Pilões,3900
2021,RN,24,10108,Poço Branco,15646
2021,RN,24,10207,Portalegre,7944
2021,RN,24,10256,Porto do Mangue,6605
2021,RN,24,10306,Serra Caiada,10646
2021,RN,24,10405,Pureza,9825
2021,RN,24,10504,Rafael Fernandes,5158
2021,RN,24,10603,Rafael Godeiro,3214
2021,RN,24,10702,Riacho da Cruz,3648
2021,RN,24,10801,Riacho de Santana,4194
2021,RN,24,10900,Riachuelo,8310
2021,RN,24,11007,Rodolfo Fernandes,4457
2021,RN,24,11056,Tibau,4173
2021,RN,24,11106,Ruy Barbosa,3584
2021,RN,24,11205,Santa Cruz,40295
2021,RN,24,11403,Santana do Matos,11808
2021,RN,24,11429,Santana do Seridó,2699
2021,RN,24,11502,Santo Antônio,24422
2021,RN,24,11601,São Bento do Norte,2687
2021,RN,24,11700,São Bento do Trairí,4541
2021,RN,24,11809,São Fernando,3606
2021,RN,24,11908,São Francisco do Oeste,4281
2021,RN,24,12005,São Gonçalo do Amarante,104919
2021,RN,24,12104,São João do Sabugi,6221
2021,RN,24,12203,São José de Mipibu,44566
2021,RN,24,12302,São José do Campestre,12901
2021,RN,24,12401,São José do Seridó,4696
2021,RN,24,12500,São Miguel,23789
2021,RN,24,12559,São Miguel do Gostoso,10441
2021,RN,24,12609,São Paulo do Potengi,17858
2021,RN,24,12708,São Pedro,5889
2021,RN,24,12807,São Rafael,8183
2021,RN,24,12906,São Tomé,11051
2021,RN,24,13003,São Vicente,6476
2021,RN,24,13102,Senador Elói de Souza,6167
2021,RN,24,13201,Senador Georgino Avelino,4527
2021,RN,24,13300,Serra de São Bento,5739
2021,RN,24,13359,Serra do Mel,12225
2021,RN,24,13409,Serra Negra do Norte,8105
2021,RN,24,13508,Serrinha,6128
2021,RN,24,13557,Serrinha dos Pintos,4832
2021,RN,24,13607,Severiano Melo,1743
2021,RN,24,13706,Sítio Novo,5600
2021,RN,24,13805,Taboleiro Grande,2606
2021,RN,24,13904,Taipu,12314
2021,RN,24,14001,Tangará,16008
2021,RN,24,14100,Tenente Ananias,10923
2021,RN,24,14159,Tenente Laurentino Cruz,6085
2021,RN,24,14209,Tibau do Sul,14694
2021,RN,24,14308,Timbaúba dos Batistas,2427
2021,RN,24,14407,Touros,33716
2021,RN,24,14456,Triunfo Potiguar,3195
2021,RN,24,14506,Umarizal,10485
2021,RN,24,14605,Upanema,14937
2021,RN,24,14704,Várzea,5529
2021,RN,24,14753,Venha-Ver,4232
2021,RN,24,14803,Vera Cruz,12789
2021,RN,24,14902,Viçosa,1731
2021,RN,24,15008,Vila Flor,3217
2021,PB,25,106,Água Branca,10375
2021,PB,25,205,Aguiar,5622
2021,PB,25,304,Alagoa Grande,28384
2021,PB,25,403,Alagoa Nova,20992
2021,PB,25,502,Alagoinha,14629
2021,PB,25,536,Alcantil,5527
2021,PB,25,577,Algodão de Jandaíra,2588
2021,PB,25,601,Alhandra,19865
2021,PB,25,700,São João do Rio do Peixe,18020
2021,PB,25,734,Amparo,2264
2021,PB,25,775,Aparecida,8482
2021,PB,25,809,Araçagi,16857
2021,PB,25,908,Arara,13613
2021,PB,25,1005,Araruna,20610
2021,PB,25,1104,Areia,22493
2021,PB,25,1153,Areia de Baraúnas,2105
2021,PB,25,1203,Areial,7054
2021,PB,25,1302,Aroeiras,19081
2021,PB,25,1351,Assunção,4067
2021,PB,25,1401,Baía da Traição,9197
2021,PB,25,1500,Bananeiras,21220
2021,PB,25,1534,Baraúna,5033
2021,PB,25,1575,Barra de Santana,8338
2021,PB,25,1609,Barra de Santa Rosa,15607
2021,PB,25,1708,Barra de São Miguel,6095
2021,PB,25,1807,Bayeux,97519
2021,PB,25,1906,Belém,17733
2021,PB,25,2003,Belém do Brejo do Cruz,7356
2021,PB,25,2052,Bernardino Batista,3571
2021,PB,25,2102,Boa Ventura,5248
2021,PB,25,2151,Boa Vista,7218
2021,PB,25,2201,Bom Jesus,2588
2021,PB,25,2300,Bom Sucesso,4937
2021,PB,25,2409,Bonito de Santa Fé,12126
2021,PB,25,2508,Boqueirão,17934
2021,PB,25,2607,Igaracy,6092
2021,PB,25,2706,Borborema,5311
2021,PB,25,2805,Brejo do Cruz,14287
2021,PB,25,2904,Brejo dos Santos,6479
2021,PB,25,3001,Caaporã,22079
2021,PB,25,3100,Cabaceiras,5710
2021,PB,25,3209,Cabedelo,69773
2021,PB,25,3308,Cachoeira dos Índios,10364
2021,PB,25,3407,Cacimba de Areia,3708
2021,PB,25,3506,Cacimba de Dentro,17169
2021,PB,25,3555,Cacimbas,7225
2021,PB,25,3605,Caiçara,7182
2021,PB,25,3704,Cajazeiras,62576
2021,PB,25,3753,Cajazeirinhas,3217
2021,PB,25,3803,Caldas Brandão,6077
2021,PB,25,3902,Camalaú,6048
2021,PB,25,4009,Campina Grande,413830
2021,PB,25,4033,Capim,6715
2021,PB,25,4074,Caraúbas,4206
2021,PB,25,4108,Carrapateira,2714
2021,PB,25,4157,Casserengue,7530
2021,PB,25,4207,Catingueira,4938
2021,PB,25,4306,Catolé do Rocha,30819
2021,PB,25,4355,Caturité,4898
2021,PB,25,4405,Conceição,19030
2021,PB,25,4504,Condado,6662
2021,PB,25,4603,Conde,25341
2021,PB,25,4702,Congo,4787
2021,PB,25,4801,Coremas,15438
2021,PB,25,4850,Coxixola,1948
2021,PB,25,4900,Cruz do Espírito Santo,17599
2021,PB,25,5006,Cubati,7866
2021,PB,25,5105,Cuité,20331
2021,PB,25,5204,Cuitegi,6748
2021,PB,25,5238,Cuité de Mamanguape,6360
2021,PB,25,5279,Curral de Cima,5209
2021,PB,25,5303,Curral Velho,2508
2021,PB,25,5352,Damião,5409
2021,PB,25,5402,Desterro,8332
2021,PB,25,5501,Vista Serrana,3850
2021,PB,25,5600,Diamante,6506
2021,PB,25,5709,Dona Inês,10375
2021,PB,25,5808,Duas Estradas,3569
2021,PB,25,5907,Emas,3556
2021,PB,25,6004,Esperança,33386
2021,PB,25,6103,Fagundes,11180
2021,PB,25,6202,Frei Martinho,2989
2021,PB,25,6251,Gado Bravo,8292
2021,PB,25,6301,Guarabira,59389
2021,PB,25,6400,Gurinhém,14125
2021,PB,25,6509,Gurjão,3477
2021,PB,25,6608,Ibiara,5877
2021,PB,25,6707,Imaculada,11877
2021,PB,25,6806,Ingá,18184
2021,PB,25,6905,Itabaiana,24363
2021,PB,25,7002,Itaporanga,24960
2021,PB,25,7101,Itapororoca,18978
2021,PB,25,7200,Itatuba,11069
2021,PB,25,7309,Jacaraú,14467
2021,PB,25,7408,Jericó,7751
2021,PB,25,7507,João Pessoa,825796
2021,PB,25,7606,Juarez Távora,8014
2021,PB,25,7705,Juazeirinho,18422
2021,PB,25,7804,Junco do Seridó,7238
2021,PB,25,7903,Juripiranga,10830
2021,PB,25,8000,Juru,9831
2021,PB,25,8109,Lagoa,4640
2021,PB,25,8208,Lagoa de Dentro,7754
2021,PB,25,8307,Lagoa Seca,27728
2021,PB,25,8406,Lastro,2698
2021,PB,25,8505,Livramento,7274
2021,PB,25,8554,Logradouro,4406
2021,PB,25,8604,Lucena,13344
2021,PB,25,8703,Mãe d'Água,3988
2021,PB,25,8802,Malta,5745
2021,PB,25,8901,Mamanguape,45385
2021,PB,25,9008,Manaíra,10988
2021,PB,25,9057,Marcação,8746
2021,PB,25,9107,Mari,21895
2021,PB,25,9156,Marizópolis,6689
2021,PB,25,9206,Massaranduba,14077
2021,PB,25,9305,Mataraca,8642
2021,PB,25,9339,Matinhas,4528
2021,PB,25,9370,Mato Grosso,2944
2021,PB,25,9396,Maturéia,6690
2021,PB,25,9404,Mogeiro,13238
2021,PB,25,9503,Montadas,5806
2021,PB,25,9602,Monte Horebe,4867
2021,PB,25,9701,Monteiro,33638
2021,PB,25,9800,Mulungu,9962
2021,PB,25,9909,Natuba,10449
2021,PB,25,10006,Nazarezinho,7271
2021,PB,25,10105,Nova Floresta,10614
2021,PB,25,10204,Nova Olinda,5892
2021,PB,25,10303,Nova Palmeira,5011
2021,PB,25,10402,Olho d'Água,6399
2021,PB,25,10501,Olivedos,3989
2021,PB,25,10600,Ouro Velho,3052
2021,PB,25,10659,Parari,1747
2021,PB,25,10709,Passagem,2453
2021,PB,25,10808,Patos,108766
2021,PB,25,10907,Paulista,12411
2021,PB,25,11004,Pedra Branca,3802
2021,PB,25,11103,Pedra Lavrada,7954
2021,PB,25,11202,Pedras de Fogo,28607
2021,PB,25,11301,Piancó,16147
2021,PB,25,11400,Picuí,18737
2021,PB,25,11509,Pilar,12036
2021,PB,25,11608,Pilões,6518
2021,PB,25,11707,Pilõezinhos,4937
2021,PB,25,11806,Pirpirituba,10590
2021,PB,25,11905,Pitimbu,19478
2021,PB,25,12002,Pocinhos,18848
2021,PB,25,12036,Poço Dantas,3877
2021,PB,25,12077,Poço de José de Moura,4366
2021,PB,25,12101,Pombal,32803
2021,PB,25,12200,Prata,4265
2021,PB,25,12309,Princesa Isabel,23749
2021,PB,25,12408,Puxinanã,13801
2021,PB,25,12507,Queimadas,44388
2021,PB,25,12606,Quixaba,2009
2021,PB,25,12705,Remígio,19973
2021,PB,25,12721,Pedro Régis,6139
2021,PB,25,12747,Riachão,3650
2021,PB,25,12754,Riachão do Bacamarte,4562
2021,PB,25,12762,Riachão do Poço,4571
2021,PB,25,12788,Riacho de Santo Antônio,1999
2021,PB,25,12804,Riacho dos Cavalos,8555
2021,PB,25,12903,Rio Tinto,24258
2021,PB,25,13000,Salgadinho,3975
2021,PB,25,13109,Salgado de São Félix,12123
2021,PB,25,13158,Santa Cecília,6526
2021,PB,25,13208,Santa Cruz,6579
2021,PB,25,13307,Santa Helena,5853
2021,PB,25,13356,Santa Inês,3591
2021,PB,25,13406,Santa Luzia,15470
2021,PB,25,13505,Santana de Mangueira,5098
2021,PB,25,13604,Santana dos Garrotes,6942
2021,PB,25,13653,Joca Claudino,2640
2021,PB,25,13703,Santa Rita,138093
2021,PB,25,13802,Santa Teresinha,4550
2021,PB,25,13851,Santo André,2496
2021,PB,25,13901,São Bento,34650
2021,PB,25,13927,São Bentinho,4602
2021,PB,25,13943,São Domingos do Cariri,2645
2021,PB,25,13968,São Domingos,3119
2021,PB,25,13984,São Francisco,3377
2021,PB,25,14008,São João do Cariri,4170
2021,PB,25,14107,São João do Tigre,4408
2021,PB,25,14206,São José da Lagoa Tapada,7622
2021,PB,25,14305,São José de Caiana,6394
2021,PB,25,14404,São José de Espinharas,4631
2021,PB,25,14453,São José dos Ramos,6037
2021,PB,25,14503,São José de Piranhas,20406
2021,PB,25,14552,São José de Princesa,3898
2021,PB,25,14602,São José do Bonfim,3619
2021,PB,25,14651,São José do Brejo do Cruz,1821
2021,PB,25,14701,São José do Sabugi,4153
2021,PB,25,14800,São José dos Cordeiros,3607
2021,PB,25,14909,São Mamede,7682
2021,PB,25,15005,São Miguel de Taipu,7450
2021,PB,25,15104,São Sebastião de Lagoa de Roça,11793
2021,PB,25,15203,São Sebastião do Umbuzeiro,3534
2021,PB,25,15302,Sapé,52977
2021,PB,25,15401,São Vicente do Seridó,10919
2021,PB,25,15500,Serra Branca,13807
2021,PB,25,15609,Serra da Raiz,3114
2021,PB,25,15708,Serra Grande,2921
2021,PB,25,15807,Serra Redonda,7001
2021,PB,25,15906,Serraria,6037
2021,PB,25,15930,Sertãozinho,5152
2021,PB,25,15971,Sobrado,7845
2021,PB,25,16003,Solânea,26051
2021,PB,25,16102,Soledade,15211
2021,PB,25,16151,Sossêgo,3631
2021,PB,25,16201,Sousa,69997
2021,PB,25,16300,Sumé,17096
2021,PB,25,16409,Tacima,11024
2021,PB,25,16508,Taperoá,15505
2021,PB,25,16607,Tavares,14791
2021,PB,25,16706,Teixeira,15333
2021,PB,25,16755,Tenório,3103
2021,PB,25,16805,Triunfo,9473
2021,PB,25,16904,Uiraúna,15356
2021,PB,25,17001,Umbuzeiro,9914
2021,PB,25,17100,Várzea,2870
2021,PB,25,17209,Vieirópolis,5395
2021,PB,25,17407,Zabelê,2269
2021,PE,26,54,Abreu e Lima,100698
2021,PE,26,104,Afogados da Ingazeira,37546
2021,PE,26,203,Afrânio,19981
2021,PE,26,302,Agrestina,25240
2021,PE,26,401,Água Preta,37386
2021,PE,26,500,Águas Belas,43923
2021,PE,26,609,Alagoinha,14798
2021,PE,26,708,Aliança,38408
2021,PE,26,807,Altinho,22996
2021,PE,26,906,Amaraji,22910
2021,PE,26,1003,Angelim,11301
2021,PE,26,1052,Araçoiaba,20936
2021,PE,26,1102,Araripina,85301
2021,PE,26,1201,Arcoverde,75295
2021,PE,26,1300,Barra de Guabiraba,14632
2021,PE,26,1409,Barreiros,42866
2021,PE,26,1508,Belém de Maria,12169
2021,PE,26,1607,Belém do São Francisco,20730
2021,PE,26,1706,Belo Jardim,76930
2021,PE,26,1805,Betânia,12811
2021,PE,26,1904,Bezerros,60960
2021,PE,26,2001,Bodocó,38605
2021,PE,26,2100,Bom Conselho,48975
2021,PE,26,2209,Bom Jardim,40038
2021,PE,26,2308,Bonito,38101
2021,PE,26,2407,Brejão,8981
2021,PE,26,2506,Brejinho,7489
2021,PE,26,2605,Brejo da Madre de Deus,51696
2021,PE,26,2704,Buenos Aires,13224
2021,PE,26,2803,Buíque,59448
2021,PE,26,2902,Cabo de Santo Agostinho,210796
2021,PE,26,3009,Cabrobó,34778
2021,PE,26,3108,Cachoeirinha,20618
2021,PE,26,3207,Caetés,29065
2021,PE,26,3306,Calçado,10983
2021,PE,26,3405,Calumbi,5744
2021,PE,26,3454,Camaragibe,159945
2021,PE,26,3504,Camocim de São Félix,19032
2021,PE,26,3603,Camutanga,8592
2021,PE,26,3702,Canhotinho,24743
2021,PE,26,3801,Capoeiras,20048
2021,PE,26,3900,Carnaíba,19666
2021,PE,26,3926,Carnaubeira da Penha,13117
2021,PE,26,4007,Carpina,85131
2021,PE,26,4106,Caruaru,369343
2021,PE,26,4155,Casinhas,14395
2021,PE,26,4205,Catende,43778
2021,PE,26,4304,Cedro,11972
2021,PE,26,4403,Chã de Alegria,13641
2021,PE,26,4502,Chã Grande,21929
2021,PE,26,4601,Condado,26755
2021,PE,26,4700,Correntes,18327
2021,PE,26,4809,Cortês,12543
2021,PE,26,4908,Cumaru,9494
2021,PE,26,5004,Cupira,24237
2021,PE,26,5103,Custódia,37633
2021,PE,26,5152,Dormentes,19246
2021,PE,26,5202,Escada,69701
2021,PE,26,5301,Exu,31709
2021,PE,26,5400,Feira Nova,22360
2021,PE,26,5459,Fernando de Noronha,3140
2021,PE,26,5509,Ferreiros,12216
2021,PE,26,5608,Flores,22612
2021,PE,26,5707,Floresta,33488
2021,PE,26,5806,Frei Miguelinho,15633
2021,PE,26,5905,Gameleira,31578
2021,PE,26,6002,Garanhuns,141347
2021,PE,26,6101,Glória do Goitá,30847
2021,PE,26,6200,Goiana,80345
2021,PE,26,6309,Granito,7586
2021,PE,26,6408,Gravatá,85309
2021,PE,26,6507,Iati,19284
2021,PE,26,6606,Ibimirim,29585
2021,PE,26,6705,Ibirajuba,7773
2021,PE,26,6804,Igarassu,119690
2021,PE,26,6903,Iguaracy,12265
2021,PE,26,7000,Inajá,24034
2021,PE,26,7109,Ingazeira,4537
2021,PE,26,7208,Ipojuca,99101
2021,PE,26,7307,Ipubi,31515
2021,PE,26,7406,Itacuruba,5013
2021,PE,26,7505,Itaíba,26268
2021,PE,26,7604,Ilha de Itamaracá,27076
2021,PE,26,7653,Itambé,36495
2021,PE,26,7703,Itapetim,13492
2021,PE,26,7752,Itapissuma,27144
2021,PE,26,7802,Itaquitinga,17056
2021,PE,26,7901,Jaboatão dos Guararapes,711330
2021,PE,26,7950,Jaqueira,11632
2021,PE,26,8008,Jataúba,17305
2021,PE,26,8057,Jatobá,14904
2021,PE,26,8107,João Alfredo,33570
2021,PE,26,8206,Joaquim Nabuco,15999
2021,PE,26,8255,Jucati,11545
2021,PE,26,8305,Jupi,15007
2021,PE,26,8404,Jurema,15483
2021,PE,26,8453,Lagoa do Carro,18429
2021,PE,26,8503,Lagoa de Itaenga,21490
2021,PE,26,8602,Lagoa do Ouro,13300
2021,PE,26,8701,Lagoa dos Gatos,16345
2021,PE,26,8750,Lagoa Grande,26090
2021,PE,26,8800,Lajedo,40883
2021,PE,26,8909,Limoeiro,56149
2021,PE,26,9006,Macaparana,25565
2021,PE,26,9105,Machados,16549
2021,PE,26,9154,Manari,22110
2021,PE,26,9204,Maraial,11098
2021,PE,26,9303,Mirandiba,15548
2021,PE,26,9402,Moreno,63792
2021,PE,26,9501,Nazaré da Mata,32673
2021,PE,26,9600,Olinda,393734
2021,PE,26,9709,Orobó,23985
2021,PE,26,9808,Orocó,15309
2021,PE,26,9907,Ouricuri,70466
2021,PE,26,10004,Palmares,63745
2021,PE,26,10103,Palmeirina,7509
2021,PE,26,10202,Panelas,26438
2021,PE,26,10301,Paranatama,11608
2021,PE,26,10400,Parnamirim,22198
2021,PE,26,10509,Passira,28856
2021,PE,26,10608,Paudalho,57346
2021,PE,26,10707,Paulista,336919
2021,PE,26,10806,Pedra,22716
2021,PE,26,10905,Pesqueira,68067
2021,PE,26,11002,Petrolândia,37246
2021,PE,26,11101,Petrolina,359372
2021,PE,26,11200,Poção,11308
2021,PE,26,11309,Pombos,27204
2021,PE,26,11408,Primavera,15231
2021,PE,26,11507,Quipapá,26309
2021,PE,26,11533,Quixaba,6796
2021,PE,26,11606,Recife,1661017
2021,PE,26,11705,Riacho das Almas,20744
2021,PE,26,11804,Ribeirão,47813
2021,PE,26,11903,Rio Formoso,23719
2021,PE,26,12000,Sairé,9600
2021,PE,26,12109,Salgadinho,11214
2021,PE,26,12208,Salgueiro,61561
2021,PE,26,12307,Saloá,15880
2021,PE,26,12406,Sanharó,27308
2021,PE,26,12455,Santa Cruz,15713
2021,PE,26,12471,Santa Cruz da Baixa Verde,12708
2021,PE,26,12505,Santa Cruz do Capibaribe,111812
2021,PE,26,12554,Santa Filomena,14645
2021,PE,26,12604,Santa Maria da Boa Vista,42266
2021,PE,26,12703,Santa Maria do Cambucá,14308
2021,PE,26,12802,Santa Terezinha,11914
2021,PE,26,12901,São Benedito do Sul,16239
2021,PE,26,13008,São Bento do Una,60567
2021,PE,26,13107,São Caitano,37488
2021,PE,26,13206,São João,23002
2021,PE,26,13305,São Joaquim do Monte,21439
2021,PE,26,13404,São José da Coroa Grande,21868
2021,PE,26,13503,São José do Belmonte,34082
2021,PE,26,13602,São José do Egito,34210
2021,PE,26,13701,São Lourenço da Mata,114910
2021,PE,26,13800,São Vicente Férrer,18150
2021,PE,26,13909,Serra Talhada,87467
2021,PE,26,14006,Serrita,19226
2021,PE,26,14105,Sertânia,36189
2021,PE,26,14204,Sirinhaém,46845
2021,PE,26,14303,Moreilândia,11269
2021,PE,26,14402,Solidão,6034
2021,PE,26,14501,Surubim,66192
2021,PE,26,14600,Tabira,28860
2021,PE,26,14709,Tacaimbó,12843
2021,PE,26,14808,Tacaratu,26439
2021,PE,26,14857,Tamandaré,23852
2021,PE,26,15003,Taquaritinga do Norte,29472
2021,PE,26,15102,Terezinha,7227
2021,PE,26,15201,Terra Nova,10314
2021,PE,26,15300,Timbaúba,52587
2021,PE,26,15409,Toritama,47088
2021,PE,26,15508,Tracunhaém,13856
2021,PE,26,15607,Trindade,31103
2021,PE,26,15706,Triunfo,15232
2021,PE,26,15805,Tupanatinga,27793
2021,PE,26,15904,Tuparetama,8266
2021,PE,26,16001,Venturosa,18835
2021,PE,26,16100,Verdejante,9572
2021,PE,26,16183,Vertente do Lério,7526
2021,PE,26,16209,Vertentes,21172
2021,PE,26,16308,Vicência,32897
2021,PE,26,16407,Vitória de Santo Antão,140389
2021,PE,26,16506,Xexéu,14789
2021,AL,27,102,Água Branca,20263
2021,AL,27,201,Anadia,17507
2021,AL,27,300,Arapiraca,234309
2021,AL,27,409,Atalaia,47540
2021,AL,27,508,Barra de Santo Antônio,16201
2021,AL,27,607,Barra de São Miguel,8434
2021,AL,27,706,Batalha,18440
2021,AL,27,805,Belém,4226
2021,AL,27,904,Belo Monte,6717
2021,AL,27,1001,Boca da Mata,27429
2021,AL,27,1100,Branquinha,10426
2021,AL,27,1209,Cacimbinhas,10920
2021,AL,27,1308,Cajueiro,21397
2021,AL,27,1357,Campestre,6972
2021,AL,27,1407,Campo Alegre,57997
2021,AL,27,1506,Campo Grande,9576
2021,AL,27,1605,Canapi,17715
2021,AL,27,1704,Capela,16907
2021,AL,27,1803,Carneiros,9568
2021,AL,27,1902,Chã Preta,7311
2021,AL,27,2009,Coité do Nóia,10594
2021,AL,27,2108,Colônia Leopoldina,21935
2021,AL,27,2207,Coqueiro Seco,5882
2021,AL,27,2306,Coruripe,57647
2021,AL,27,2355,Craíbas,24396
2021,AL,27,2405,Delmiro Gouveia,52501
2021,AL,27,2504,Dois Riachos,11059
2021,AL,27,2553,Estrela de Alagoas,18304
2021,AL,27,2603,Feira Grande,22192
2021,AL,27,2702,Feliz Deserto,4803
2021,AL,27,2801,Flexeiras,12823
2021,AL,27,2900,Girau do Ponciano,41549
2021,AL,27,3007,Ibateguara,15637
2021,AL,27,3106,Igaci,25596
2021,AL,27,3205,Igreja Nova,24670
2021,AL,27,3304,Inhapi,18398
2021,AL,27,3403,Jacaré dos Homens,5185
2021,AL,27,3502,Jacuípe,6992
2021,AL,27,3601,Japaratinga,8444
2021,AL,27,3700,Jaramataia,5751
2021,AL,27,3759,Jequiá da Praia,11495
2021,AL,27,3809,Joaquim Gomes,24167
2021,AL,27,3908,Jundiá,4119
2021,AL,27,4005,Junqueiro,24716
2021,AL,27,4104,Lagoa da Canoa,17692
2021,AL,27,4203,Limoeiro de Anadia,28904
2021,AL,27,4302,Maceió,1031597
2021,AL,27,4401,Major Isidoro,19923
2021,AL,27,4500,Maragogi,33351
2021,AL,27,4609,Maravilha,8850
2021,AL,27,4708,Marechal Deodoro,52848
2021,AL,27,4807,Maribondo,13123
2021,AL,27,4906,Mar Vermelho,3474
2021,AL,27,5002,Mata Grande,25200
2021,AL,27,5101,Matriz de Camaragibe,24627
2021,AL,27,5200,Messias,18201
2021,AL,27,5309,Minador do Negrão,5315
2021,AL,27,5408,Monteirópolis,7171
2021,AL,27,5507,Murici,28428
2021,AL,27,5606,Novo Lino,12837
2021,AL,27,5705,Olho d'Água das Flores,21690
2021,AL,27,5804,Olho d'Água do Casado,9507
2021,AL,27,5903,Olho d'Água Grande,5133
2021,AL,27,6000,Olivença,11681
2021,AL,27,6109,Ouro Branco,11573
2021,AL,27,6208,Palestina,5061
2021,AL,27,6307,Palmeira dos Índios,73452
2021,AL,27,6406,Pão de Açúcar,24307
2021,AL,27,6422,Pariconha,10546
2021,AL,27,6448,Paripueira,13484
2021,AL,27,6505,Passo de Camaragibe,15270
2021,AL,27,6604,Paulo Jacinto,7556
2021,AL,27,6703,Penedo,64005
2021,AL,27,6802,Piaçabuçu,17868
2021,AL,27,6901,Pilar,35310
2021,AL,27,7008,Pindoba,2903
2021,AL,27,7107,Piranhas,25324
2021,AL,27,7206,Poço das Trincheiras,14447
2021,AL,27,7305,Porto Calvo,27331
2021,AL,27,7404,Porto de Pedras,7618
2021,AL,27,7503,Porto Real do Colégio,20158
2021,AL,27,7602,Quebrangulo,11202
2021,AL,27,7701,Rio Largo,75662
2021,AL,27,7800,Roteiro,6634
2021,AL,27,7909,Santa Luzia do Norte,7344
2021,AL,27,8006,Santana do Ipanema,47910
2021,AL,27,8105,Santana do Mundaú,10637
2021,AL,27,8204,São Brás,6977
2021,AL,27,8303,São José da Laje,24064
2021,AL,27,8402,São José da Tapera,32462
2021,AL,27,8501,São Luís do Quitunde,34825
2021,AL,27,8600,São Miguel dos Campos,62328
2021,AL,27,8709,São Miguel dos Milagres,8073
2021,AL,27,8808,São Sebastião,34424
2021,AL,27,8907,Satuba,14042
2021,AL,27,8956,Senador Rui Palmeira,13893
2021,AL,27,9004,Tanque d'Arca,6115
2021,AL,27,9103,Taquarana,20162
2021,AL,27,9152,Teotônio Vilela,44570
2021,AL,27,9202,Traipu,27934
2021,AL,27,9301,União dos Palmares,65963
2021,AL,27,9400,Viçosa,25655
2021,SE,28,100,Amparo do São Francisco,2386
2021,SE,28,209,Aquidabã,21796
2021,SE,28,308,Aracaju,672614
2021,SE,28,407,Arauá,9840
2021,SE,28,506,Areia Branca,18825
2021,SE,28,605,Barra dos Coqueiros,31439
2021,SE,28,670,Boquim,26980
2021,SE,28,704,Brejo Grande,8396
2021,SE,28,1009,Campo do Brito,18325
2021,SE,28,1108,Canhoba,4003
2021,SE,28,1207,Canindé de São Francisco,30894
2021,SE,28,1306,Capela,34808
2021,SE,28,1405,Carira,22393
2021,SE,28,1504,Carmópolis,17232
2021,SE,28,1603,Cedro de São João,5929
2021,SE,28,1702,Cristinápolis,18181
2021,SE,28,1900,Cumbe,4008
2021,SE,28,2007,Divina Pastora,5290
2021,SE,28,2106,Estância,69919
2021,SE,28,2205,Feira Nova,5617
2021,SE,28,2304,Frei Paulo,15688
2021,SE,28,2403,Gararu,11599
2021,SE,28,2502,General Maynard,3421
2021,SE,28,2601,Gracho Cardoso,5831
2021,SE,28,2700,Ilha das Flores,8522
2021,SE,28,2809,Indiaroba,18337
2021,SE,28,2908,Itabaiana,96839
2021,SE,28,3005,Itabaianinha,42399
2021,SE,28,3104,Itabi,4869
2021,SE,28,3203,Itaporanga d'Ajuda,35054
2021,SE,28,3302,Japaratuba,19067
2021,SE,28,3401,Japoatã,13422
2021,SE,28,3500,Lagarto,106015
2021,SE,28,3609,Laranjeiras,30327
2021,SE,28,3708,Macambira,7002
2021,SE,28,3807,Malhada dos Bois,3715
2021,SE,28,3906,Malhador,12689
2021,SE,28,4003,Maruim,17328
2021,SE,28,4102,Moita Bonita,11361
2021,SE,28,4201,Monte Alegre de Sergipe,15315
2021,SE,28,4300,Muribeca,7653
2021,SE,28,4409,Neópolis,18688
2021,SE,28,4458,Nossa Senhora Aparecida,8822
2021,SE,28,4508,Nossa Senhora da Glória,37715
2021,SE,28,4607,Nossa Senhora das Dores,26957
2021,SE,28,4706,Nossa Senhora de Lourdes,6509
2021,SE,28,4805,Nossa Senhora do Socorro,187733
2021,SE,28,4904,Pacatuba,14650
2021,SE,28,5000,Pedra Mole,3309
2021,SE,28,5109,Pedrinhas,9727
2021,SE,28,5208,Pinhão,6678
2021,SE,28,5307,Pirambu,9436
2021,SE,28,5406,Poço Redondo,35461
2021,SE,28,5505,Poço Verde,24003
2021,SE,28,5604,Porto da Folha,28788
2021,SE,28,5703,Propriá,29756
2021,SE,28,5802,Riachão do Dantas,19813
2021,SE,28,5901,Riachuelo,10354
2021,SE,28,6008,Ribeirópolis,18891
2021,SE,28,6107,Rosário do Catete,11158
2021,SE,28,6206,Salgado,20051
2021,SE,28,6305,Santa Luzia do Itanhy,14205
2021,SE,28,6404,Santana do São Francisco,7906
2021,SE,28,6503,Santa Rosa de Lima,3933
2021,SE,28,6602,Santo Amaro das Brotas,12200
2021,SE,28,6701,São Cristóvão,92090
2021,SE,28,6800,São Domingos,11276
2021,SE,28,6909,São Francisco,3837
2021,SE,28,7006,São Miguel do Aleixo,3964
2021,SE,28,7105,Simão Dias,40724
2021,SE,28,7204,Siriri,9046
2021,SE,28,7303,Telha,3271
2021,SE,28,7402,Tobias Barreto,52861
2021,SE,28,7501,Tomar do Geru,13534
2021,SE,28,7600,Umbaúba,25800
2021,BA,29,108,Abaíra,8681
2021,BA,29,207,Abaré,20594
2021,BA,29,306,Acajutiba,15214
2021,BA,29,355,Adustina,17209
2021,BA,29,405,Água Fria,17096
2021,BA,29,504,Érico Cardoso,10513
2021,BA,29,603,Aiquara,4387
2021,BA,29,702,Alagoinhas,153023
2021,BA,29,801,Alcobaça,22509
2021,BA,29,900,Almadina,5273
2021,BA,29,1007,Amargosa,37631
2021,BA,29,1106,Amélia Rodrigues,24997
2021,BA,29,1155,América Dourada,16086
2021,BA,29,1205,Anagé,21229
2021,BA,29,1304,Andaraí,13122
2021,BA,29,1353,Andorinha,14416
2021,BA,29,1403,Angical,13902
2021,BA,29,1502,Anguera,11369
2021,BA,29,1601,Antas,19659
2021,BA,29,1700,Antônio Cardoso,11670
2021,BA,29,1809,Antônio Gonçalves,11955
2021,BA,29,1908,Aporá,17840
2021,BA,29,1957,Apuarema,7274
2021,BA,29,2005,Aracatu,12960
2021,BA,29,2054,Araçás,12237
2021,BA,29,2104,Araci,54903
2021,BA,29,2203,Aramari,11519
2021,BA,29,2252,Arataca,10904
2021,BA,29,2302,Aratuípe,8848
2021,BA,29,2401,Aurelino Leal,11079
2021,BA,29,2500,Baianópolis,13979
2021,BA,29,2609,Baixa Grande,20431
2021,BA,29,2658,Banzaê,13251
2021,BA,29,2708,Barra,54225
2021,BA,29,2807,Barra da Estiva,20198
2021,BA,29,2906,Barra do Choça,30831
2021,BA,29,3003,Barra do Mendes,13128
2021,BA,29,3102,Barra do Rocha,5515
2021,BA,29,3201,Barreiras,158432
2021,BA,29,3235,Barro Alto,15171
2021,BA,29,3276,Barrocas,16225
2021,BA,29,3300,Barro Preto,5312
2021,BA,29,3409,Belmonte,23540
2021,BA,29,3508,Belo Campo,17013
2021,BA,29,3607,Biritinga,15989
2021,BA,29,3706,Boa Nova,12039
2021,BA,29,3805,Boa Vista do Tupim,18491
2021,BA,29,3904,Bom Jesus da Lapa,70151
2021,BA,29,3953,Bom Jesus da Serra,9768
2021,BA,29,4001,Boninal,14518
2021,BA,29,4050,Bonito,16999
2021,BA,29,4100,Boquira,21486
2021,BA,29,4209,Botuporã,10050
2021,BA,29,4308,Brejões,14155
2021,BA,29,4407,Brejolândia,10675
2021,BA,29,4506,Brotas de Macaúbas,10705
2021,BA,29,4605,Brumado,67468
2021,BA,29,4704,Buerarema,18269
2021,BA,29,4753,Buritirama,21374
2021,BA,29,4803,Caatiba,6232
2021,BA,29,4852,Cabaceiras do Paraguaçu,19010
2021,BA,29,4902,Cachoeira,33659
2021,BA,29,5008,Caculé,23407
2021,BA,29,5107,Caém,8912
2021,BA,29,5156,Caetanos,14671
2021,BA,29,5206,Caetité,51184
2021,BA,29,5305,Cafarnaum,18585
2021,BA,29,5404,Cairu,18666
2021,BA,29,5503,Caldeirão Grande,13452
2021,BA,29,5602,Camacan,32023
2021,BA,29,5701,Camaçari,309208
2021,BA,29,5800,Camamu,35444
2021,BA,29,5909,Campo Alegre de Lourdes,28839
2021,BA,29,6006,Campo Formoso,71754
2021,BA,29,6105,Canápolis,9694
2021,BA,29,6204,Canarana,26468
2021,BA,29,6303,Canavieiras,30722
2021,BA,29,6402,Candeal,8109
2021,BA,29,6501,Candeias,87820
2021,BA,29,6600,Candiba,14415
2021,BA,29,6709,Cândido Sales,24921
2021,BA,29,6808,Cansanção,34929
2021,BA,29,6824,Canudos,16832
2021,BA,29,6857,Capela do Alto Alegre,11597
2021,BA,29,6873,Capim Grosso,31055
2021,BA,29,6899,Caraíbas,8659
2021,BA,29,6907,Caravelas,22166
2021,BA,29,7004,Cardeal da Silva,9395
2021,BA,29,7103,Carinhanha,29118
2021,BA,29,7202,Casa Nova,73092
2021,BA,29,7301,Castro Alves,26369
2021,BA,29,7400,Catolândia,3619
2021,BA,29,7509,Catu,55222
2021,BA,29,7558,Caturama,9303
2021,BA,29,7608,Central,17293
2021,BA,29,7707,Chorrochó,11221
2021,BA,29,7806,Cícero Dantas,32636
2021,BA,29,7905,Cipó,17402
2021,BA,29,8002,Coaraci,16128
2021,BA,29,8101,Cocos,18835
2021,BA,29,8200,Conceição da Feira,22933
2021,BA,29,8309,Conceição do Almeida,17087
2021,BA,29,8408,Conceição do Coité,67394
2021,BA,29,8507,Conceição do Jacuípe,33631
2021,BA,29,8606,Conde,26223
2021,BA,29,8705,Condeúba,17113
2021,BA,29,8804,Contendas do Sincorá,4025
2021,BA,29,8903,Coração de Maria,22391
2021,BA,29,9000,Cordeiros,8667
2021,BA,29,9109,Coribe,14108
2021,BA,29,9208,Coronel João Sá,15549
2021,BA,29,9307,Correntina,32243
2021,BA,29,9406,Cotegipe,13756
2021,BA,29,9505,Cravolândia,5352
2021,BA,29,9604,Crisópolis,21219
2021,BA,29,9703,Cristópolis,13981
2021,BA,29,9802,Cruz das Almas,63923
2021,BA,29,9901,Curaçá,35065
2021,BA,29,10008,Dário Meira,10347
2021,BA,29,10057,Dias d'Ávila,83705
2021,BA,29,10107,Dom Basílio,12281
2021,BA,29,10206,Dom Macedo Costa,4072
2021,BA,29,10305,Elísio Medrado,8129
2021,BA,29,10404,Encruzilhada,15914
2021,BA,29,10503,Entre Rios,42014
2021,BA,29,10602,Esplanada,37902
2021,BA,29,10701,Euclides da Cunha,61112
2021,BA,29,10727,Eunápolis,115360
2021,BA,29,10750,Fátima,17801
2021,BA,29,10776,Feira da Mata,5656
2021,BA,29,10800,Feira de Santana,624107
2021,BA,29,10859,Filadélfia,16314
2021,BA,29,10909,Firmino Alves,5641
2021,BA,29,11006,Floresta Azul,10525
2021,BA,29,11105,Formosa do Rio Preto,26111
2021,BA,29,11204,Gandu,32778
2021,BA,29,11253,Gavião,4417
2021,BA,29,11303,Gentio do Ouro,11284
2021,BA,29,11402,Glória,15247
2021,BA,29,11501,Gongogi,6852
2021,BA,29,11600,Governador Mangabeira,20800
2021,BA,29,11659,Guajeru,6371
2021,BA,29,11709,Guanambi,85353
2021,BA,29,11808,Guaratinga,20565
2021,BA,29,11857,Heliópolis,12946
2021,BA,29,11907,Iaçu,23950
2021,BA,29,12004,Ibiassucê,8849
2021,BA,29,12103,Ibicaraí,21083
2021,BA,29,12202,Ibicoara,19990
2021,BA,29,12301,Ibicuí,16262
2021,BA,29,12400,Ibipeba,18421
2021,BA,29,12509,Ibipitanga,14989
2021,BA,29,12608,Ibiquera,4047
2021,BA,29,12707,Ibirapitanga,23433
2021,BA,29,12806,Ibirapuã,8740
2021,BA,29,12905,Ibirataia,14476
2021,BA,29,13002,Ibitiara,16463
2021,BA,29,13101,Ibititá,17048
2021,BA,29,13200,Ibotirama,27076
2021,BA,29,13309,Ichu,6232
2021,BA,29,13408,Igaporã,15661
2021,BA,29,13457,Igrapiúna,12963
2021,BA,29,13507,Iguaí,27006
2021,BA,29,13606,Ilhéus,157639
2021,BA,29,13705,Inhambupe,40720
2021,BA,29,13804,Ipecaetá,14229
2021,BA,29,13903,Ipiaú,45969
2021,BA,29,14000,Ipirá,59281
2021,BA,29,14109,Ipupiara,9954
2021,BA,29,14208,Irajuba,7295
2021,BA,29,14307,Iramaia,7874
2021,BA,29,14406,Iraquara,25728
2021,BA,29,14505,Irará,29305
2021,BA,29,14604,Irecê,74050
2021,BA,29,14653,Itabela,30901
2021,BA,29,14703,Itaberaba,64795
2021,BA,29,14802,Itabuna,214123
2021,BA,29,14901,Itacaré,29051
2021,BA,29,15007,Itaeté,16164
2021,BA,29,15106,Itagi,12140
2021,BA,29,15205,Itagibá,14331
2021,BA,29,15304,Itagimirim,6784
2021,BA,29,15353,Itaguaçu da Bahia,14650
2021,BA,29,15403,Itaju do Colônia,6515
2021,BA,29,15502,Itajuípe,20309
2021,BA,29,15601,Itamaraju,64423
2021,BA,29,15700,Itamari,7971
2021,BA,29,15809,Itambé,22474
2021,BA,29,15908,Itanagra,6433
2021,BA,29,16005,Itanhém,19231
2021,BA,29,16104,Itaparica,22440
2021,BA,29,16203,Itapé,8300
2021,BA,29,16302,Itapebi,10173
2021,BA,29,16401,Itapetinga,77408
2021,BA,29,16500,Itapicuru,36173
2021,BA,29,16609,Itapitanga,10284
2021,BA,29,16708,Itaquara,8375
2021,BA,29,16807,Itarantim,19937
2021,BA,29,16856,Itatim,14588
2021,BA,29,16906,Itiruçu,12482
2021,BA,29,17003,Itiúba,36140
2021,BA,29,17102,Itororó,20394
2021,BA,29,17201,Ituaçu,19095
2021,BA,29,17300,Ituberá,28870
2021,BA,29,17334,Iuiu,11038
2021,BA,29,17359,Jaborandi,8176
2021,BA,29,17409,Jacaraci,14855
2021,BA,29,17508,Jacobina,80749
2021,BA,29,17607,Jaguaquara,54913
2021,BA,29,17706,Jaguarari,33915
2021,BA,29,17805,Jaguaripe,19162
2021,BA,29,17904,Jandaíra,10742
2021,BA,29,18001,Jequié,156277
2021,BA,29,18100,Jeremoabo,40832
2021,BA,29,18209,Jiquiriçá,14576
2021,BA,29,18308,Jitaúna,10470
2021,BA,29,18357,João Dourado,25606
2021,BA,29,18407,Juazeiro,219544
2021,BA,29,18456,Jucuruçu,8856
2021,BA,29,18506,Jussara,15241
2021,BA,29,18555,Jussari,5706
2021,BA,29,18605,Jussiape,5777
2021,BA,29,18704,Lafaiete Coutinho,3663
2021,BA,29,18753,Lagoa Real,15870
2021,BA,29,18803,Laje,24214
2021,BA,29,18902,Lajedão,3993
2021,BA,29,19009,Lajedinho,3735
2021,BA,29,19058,Lajedo do Tabocal,8591
2021,BA,29,19108,Lamarão,8078
2021,BA,29,19157,Lapão,27323
2021,BA,29,19207,Lauro de Freitas,204669
2021,BA,29,19306,Lençóis,11586
2021,BA,29,19405,Licínio de Almeida,12357
2021,BA,29,19504,Livramento de Nossa Senhora,46372
2021,BA,29,19553,Luís Eduardo Magalhães,92671
2021,BA,29,19603,Macajuba,11318
2021,BA,29,19702,Macarani,19056
2021,BA,29,19801,Macaúbas,50481
2021,BA,29,19900,Macururé,7752
2021,BA,29,19926,Madre de Deus,21754
2021,BA,29,19959,Maetinga,2386
2021,BA,29,20007,Maiquinique,10294
2021,BA,29,20106,Mairi,18535
2021,BA,29,20205,Malhada,16875
2021,BA,29,20304,Malhada de Pedras,8326
2021,BA,29,20403,Manoel Vitorino,12944
2021,BA,29,20452,Mansidão,13822
2021,BA,29,20502,Maracás,19973
2021,BA,29,20601,Maragogipe,44902
2021,BA,29,20700,Maraú,20664
2021,BA,29,20809,Marcionílio Souza,10357
2021,BA,29,20908,Mascote,13619
2021,BA,29,21005,Mata de São João,47643
2021,BA,29,21054,Matina,12359
2021,BA,29,21104,Medeiros Neto,22741
2021,BA,29,21203,Miguel Calmon,25771
2021,BA,29,21302,Milagres,10838
2021,BA,29,21401,Mirangaba,18603
2021,BA,29,21450,Mirante,8264
2021,BA,29,21500,Monte Santo,49145
2021,BA,29,21609,Morpará,8476
2021,BA,29,21708,Morro do Chapéu,35466
2021,BA,29,21807,Mortugaba,12063
2021,BA,29,21906,Mucugê,8725
2021,BA,29,22003,Mucuri,42729
2021,BA,29,22052,Mulungu do Morro,10469
2021,BA,29,22102,Mundo Novo,27153
2021,BA,29,22201,Muniz Ferreira,7464
2021,BA,29,22250,Muquém do São Francisco,11479
2021,BA,29,22300,Muritiba,29420
2021,BA,29,22409,Mutuípe,22340
2021,BA,29,22508,Nazaré,28661
2021,BA,29,22607,Nilo Peçanha,14156
2021,BA,29,22656,Nordestina,13197
2021,BA,29,22706,Nova Canaã,16482
2021,BA,29,22730,Nova Fátima,7830
2021,BA,29,22755,Nova Ibiá,6518
2021,BA,29,22805,Nova Itarana,8328
2021,BA,29,22854,Nova Redenção,9126
2021,BA,29,22904,Nova Soure,27047
2021,BA,29,23001,Nova Viçosa,44170
2021,BA,29,23035,Novo Horizonte,12653
2021,BA,29,23050,Novo Triunfo,15445
2021,BA,29,23100,Olindina,28373
2021,BA,29,23209,Oliveira dos Brejinhos,21797
2021,BA,29,23308,Ouriçangas,8575
2021,BA,29,23357,Ourolândia,17567
2021,BA,29,23407,Palmas de Monte Alto,21840
2021,BA,29,23506,Palmeiras,9123
2021,BA,29,23605,Paramirim,21777
2021,BA,29,23704,Paratinga,32274
2021,BA,29,23803,Paripiranga,29124
2021,BA,29,23902,Pau Brasil,9550
2021,BA,29,24009,Paulo Afonso,119213
2021,BA,29,24058,Pé de Serra,13535
2021,BA,29,24108,Pedrão,7438
2021,BA,29,24207,Pedro Alexandre,16698
2021,BA,29,24306,Piatã,16854
2021,BA,29,24405,Pilão Arcado,35295
2021,BA,29,24504,Pindaí,16308
2021,BA,29,24603,Pindobaçu,20048
2021,BA,29,24652,Pintadas,10353
2021,BA,29,24678,Piraí do Norte,10050
2021,BA,29,24702,Piripá,10253
2021,BA,29,24801,Piritiba,25162
2021,BA,29,24900,Planaltino,9415
2021,BA,29,25006,Planalto,26581
2021,BA,29,25105,Poções,46885
2021,BA,29,25204,Pojuca,40401
2021,BA,29,25253,Ponto Novo,14729
2021,BA,29,25303,Porto Seguro,152529
2021,BA,29,25402,Potiraguá,6623
2021,BA,29,25501,Prado,28214
2021,BA,29,25600,Presidente Dutra,15180
2021,BA,29,25709,Presidente Jânio Quadros,12028
2021,BA,29,25758,Presidente Tancredo Neves,28272
2021,BA,29,25808,Queimadas,25428
2021,BA,29,25907,Quijingue,27672
2021,BA,29,25931,Quixabeira,8939
2021,BA,29,25956,Rafael Jambeiro,22643
2021,BA,29,26004,Remanso,41324
2021,BA,29,26103,Retirolândia,14588
2021,BA,29,26202,Riachão das Neves,22330
2021,BA,29,26301,Riachão do Jacuípe,33498
2021,BA,29,26400,Riacho de Santana,35757
2021,BA,29,26509,Ribeira do Amparo,14631
2021,BA,29,26608,Ribeira do Pombal,54097
2021,BA,29,26657,Ribeirão do Largo,4896
2021,BA,29,26707,Rio de Contas,12878
2021,BA,29,26806,Rio do Antônio,15521
2021,BA,29,26905,Rio do Pires,11672
2021,BA,29,27002,Rio Real,41209
2021,BA,29,27101,Rodelas,9548
2021,BA,29,27200,Ruy Barbosa,30900
2021,BA,29,27309,Salinas da Margarida,16047
2021,BA,29,27408,Salvador,2900319
2021,BA,29,27507,Santa Bárbara,20971
2021,BA,29,27606,Santa Brígida,13917
2021,BA,29,27705,Santa Cruz Cabrália,28058
2021,BA,29,27804,Santa Cruz da Vitória,6241
2021,BA,29,27903,Santa Inês,10583
2021,BA,29,28000,Santaluz,37704
2021,BA,29,28059,Santa Luzia,12308
2021,BA,29,28109,Santa Maria da Vitória,39707
2021,BA,29,28208,Santana,26792
2021,BA,29,28307,Santanópolis,8987
2021,BA,29,28406,Santa Rita de Cássia,28613
2021,BA,29,28505,Santa Terezinha,10520
2021,BA,29,28604,Santo Amaro,60190
2021,BA,29,28703,Santo Antônio de Jesus,103204
2021,BA,29,28802,Santo Estêvão,53666
2021,BA,29,28901,São Desidério,34764
2021,BA,29,28950,São Domingos,9085
2021,BA,29,29008,São Félix,14784
2021,BA,29,29057,São Félix do Coribe,15543
2021,BA,29,29107,São Felipe,21083
2021,BA,29,29206,São Francisco do Conde,40664
2021,BA,29,29255,São Gabriel,18785
2021,BA,29,29305,São Gonçalo dos Campos,38315
2021,BA,29,29354,São José da Vitória,5562
2021,BA,29,29370,São José do Jacuípe,10546
2021,BA,29,29404,São Miguel das Matas,11733
2021,BA,29,29503,São Sebastião do Passé,44554
2021,BA,29,29602,Sapeaçu,17421
2021,BA,29,29701,Sátiro Dias,17330
2021,BA,29,29750,Saubara,12163
2021,BA,29,29800,Saúde,12971
2021,BA,29,29909,Seabra,44370
2021,BA,29,30006,Sebastião Laranjeiras,11586
2021,BA,29,30105,Senhor do Bonfim,79813
2021,BA,29,30154,Serra do Ramalho,31362
2021,BA,29,30204,Sento Sé,41279
2021,BA,29,30303,Serra Dourada,17261
2021,BA,29,30402,Serra Preta,14531
2021,BA,29,30501,Serrinha,81693
2021,BA,29,30600,Serrolândia,13490
2021,BA,29,30709,Simões Filho,137117
2021,BA,29,30758,Sítio do Mato,13104
2021,BA,29,30766,Sítio do Quinto,9431
2021,BA,29,30774,Sobradinho,23274
2021,BA,29,30808,Souto Soares,17118
2021,BA,29,30907,Tabocas do Brejo Velho,12515
2021,BA,29,31004,Tanhaçu,20383
2021,BA,29,31053,Tanque Novo,17518
2021,BA,29,31103,Tanquinho,7936
2021,BA,29,31202,Taperoá,21421
2021,BA,29,31301,Tapiramutá,16939
2021,BA,29,31350,Teixeira de Freitas,164290
2021,BA,29,31400,Teodoro Sampaio,7296
2021,BA,29,31509,Teofilândia,22590
2021,BA,29,31608,Teolândia,15097
2021,BA,29,31707,Terra Nova,13018
2021,BA,29,31806,Tremedal,15996
2021,BA,29,31905,Tucano,50903
2021,BA,29,32002,Uauá,23991
2021,BA,29,32101,Ubaíra,19860
2021,BA,29,32200,Ubaitaba,18647
2021,BA,29,32309,Ubatã,27481
2021,BA,29,32408,Uibaí,13894
2021,BA,29,32457,Umburanas,19573
2021,BA,29,32507,Una,18108
2021,BA,29,32606,Urandi,16672
2021,BA,29,32705,Uruçuca,20312
2021,BA,29,32804,Utinga,19330
2021,BA,29,32903,Valença,97873
2021,BA,29,33000,Valente,29111
2021,BA,29,33059,Várzea da Roça,14135
2021,BA,29,33109,Várzea do Poço,9247
2021,BA,29,33158,Várzea Nova,12556
2021,BA,29,33174,Varzedo,8734
2021,BA,29,33208,Vera Cruz,44185
2021,BA,29,33257,Vereda,6105
2021,BA,29,33307,Vitória da Conquista,343643
2021,BA,29,33406,Wagner,9342
2021,BA,29,33455,Wanderley,12125
2021,BA,29,33505,Wenceslau Guimarães,20862
2021,BA,29,33604,Xique-Xique,46562
